{"cameraMode":{"drawMode":0,"name":"Shaded","section":"Shading Mode"},"sceneLighting":true,"audioPlay":false,"sceneViewState":{"showFog":true,"showMaterialUpdate":false,"showSkybox":true,"showFlares":true,"showImageEffects":true,"showParticleSystems":true},"in2DMode":false,"pivot":{"x":-372.79998779296877,"y":230.1527557373047,"z":-817.0758666992188},"rotation":{"x":-0.3912779986858368,"y":-0.03394864872097969,"z":0.014446000568568707,"w":-0.9195326566696167},"size":1088.89404296875,"orthographic":false}