{"cameraMode":{"drawMode":0,"name":"Shaded","section":"Shading Mode"},"sceneLighting":true,"audioPlay":false,"sceneViewState":{"showFog":true,"showMaterialUpdate":false,"showSkybox":true,"showFlares":true,"showImageEffects":true,"showParticleSystems":true},"in2DMode":false,"pivot":{"x":-375.0159912109375,"y":-125.165283203125,"z":-349.683349609375},"rotation":{"x":-0.3603023588657379,"y":-0.05676165968179703,"z":0.021970419213175775,"w":-0.9308478832244873},"size":1639.9072265625,"orthographic":false}