{"cameraMode":{"drawMode":0,"name":"Shaded","section":"Shading Mode"},"sceneLighting":true,"audioPlay":false,"sceneViewState":{"showFog":true,"showMaterialUpdate":false,"showSkybox":true,"showFlares":true,"showImageEffects":true,"showParticleSystems":true},"in2DMode":false,"pivot":{"x":19.770000457763673,"y":1.568314790725708,"z":-3.569999933242798},"rotation":{"x":0.12953044474124909,"y":-0.005949362181127071,"z":0.0007769022486172617,"w":0.9915573000907898},"size":27.040142059326173,"orthographic":false}